SIN,VIN
504 885 260,7U76TJ60800F7UY8L
410 538 649,U0VDC4E45A7BMRB3G
752 447 300,XJWC2LZL7BYAWJ1WC
253 748 800,TBLHYATW5YBKXNC6H
146 830 229,HT3L8H2B0KW547HPR
374 381 705,U9Y16DBP2MDF9T8AX
726 725 344,RF23BP6Z0KTEH89NZ
038 146 551,9XAD84MM7ZATVWUJU
850 228 537,WLD210SV0DZTNTP1M
406 411 587,TGJX91AH56R7C5KVA
332 205 871,K10J8NVH6JP5N7PXF
640 835 278,6D179H4L7A3CJCSLM
344 503 586,PJNRR1NT91R2VE7CW
476 430 756,8J5K39F375FX2UHK5
562 573 808,FD4Y6UDE6ZVPBKBU0
745 260 257,6WZP13DR1U8Z5EW49
014 583 371,4WWABZ4U37TNVU49M
357 044 619,MCWSZHFT3ZJSZM439
473 310 282,C97LY9JNXCSUKTVJ4
546 205 261,EAULTV038K36E5YT2
865 561 708,JPKCPCM1XH52YNZV3
317 317 444,47GXG3GY7BJ4ZKBP0
720 316 249,49BL466E4077326GB
553 172 032,SHSNG04N093M62JKW
243 503 588,V6YUZ6KG7X40AP5U6
460 351 182,Y1D5LKBR2TNGV0TWF
372 805 440,CHMP1UYM7MR60GXL7
044 331 759,SFACV9AT4M1TKN536
860 158 138,ZG1TV7SJ76GLK3X1T
103 452 280,3VAVWGW14XRTTNWP5
628 507 386,5UUXG2JB566HGUTJH
114 887 664,SZNBJ9FV5FTYTBUCA
688 625 474,HYL04NKV5KK2N4KJ7
564 160 182,CD8W4ZG786JRVUPH4
246 556 088,23VXPN2RXZY0H8UY2
582 334 025,2VC5YA7B9T39PVAZU
866 822 554,66UT237E5UP3JEB3M
227 537 644,BGZGCB376SHZBDFUR
586 104 457,0XEFA0RT9VXFBCJ6M
342 270 139,XBH1JWXH7W163K2PG
745 012 260,93W1M4W446VAYBTFU
184 760 247,HKXWLLW42DRVWCCMW
820 133 775,RU8RXCP183DEE4SZB
338 150 725,T1ENZGBVX72PFCUP2
853 203 586,P12BGDZG31Z6U2ZN0
332 018 829,HMJWAMYL5STA0NWXS
546 618 224,8CMCUJNZ2LRE13PC9
810 768 168,VTM6KDND8YBH5HEJ2
105 148 340,2A0EG9L46YV9XV1B6
057 431 520,PLYTNCVN2GNMC308G
233 772 052,TX3N4FZM81D00XEFY
450 453 717,8CEV35K27RNPWBAXS
541 660 288,STTBFUTJ31R5JA3KH
521 388 306,H4CYE3KJ55MY72DD3
508 213 287,RF0192N69SEL5UH7P
332 548 502,F04EGU9R54913U6XA
673 180 485,F5JZ3L173RZEXHRS7
088 661 558,CC1KPTN73KA1P51ZJ
165 261 744,XVYRW6HT6PYY30616
465 088 235,M4YKK2V490BV5AL8J
538 228 057,V500Z8M48K0Z789F2
465 461 101,WWYMC4LR5XSRE24M6
557 103 868,G062A4WT2PK0NUYMN
410 458 350,U2ATB3WJ63NJH7SRH
770 185 338,09872GGP79V8L3CNT
760 325 548,P7K0Z9MT5KK628UAX
243 345 071,LJ25NLX09NM3PSEFR
052 688 520,K19HULL87DKCRP547
026 776 252,PEZ82MEK6JL50H8KV
876 211 061,THR35GHJ9ARFBZELJ
162 280 689,K5ASUKZN6GZY0Z562
134 706 886,GZMUK4TB6F45VJ9CG
117 743 302,7NKCRLED1G4XN4TJU
823 860 119,0VR28NGC3YLMF3TT1
337 705 222,M7G2N4CEXSS1AXVS0
120 671 839,3NF2UAHA45U8ZMWSJ
511 288 607,AM5BFXW36DZ27SVND
037 527 868,KYZPJ7ZW42LU23ERP
584 461 164,T922P54V1CKAMECAZ
057 322 372,G10AKB5N06TEH9USS
532 044 385,00K9YUSZ43SX0HBBK
072 613 722,EVS2PA8DXRP144LZL
372 388 124,8F4UAA369L2VPSL74
064 418 270,T24Z6XLC1MNSTKR5R
771 461 068,M0N1AA8T7JL567GA7
178 220 760,JPLE8TJ16UPAR9KBK
273 814 038,1TL53JEP88BEECGH3
504 885 260,LWBBW7PL45LB0EBF6
410 538 649,5S9TPG211J3LWVJ7Y
752 447 300,BX24YBH76DB9S6KT9
253 748 800,7KPZ9SDF9572605RL
146 830 229,U697TX1B81X2JMMSS
374 381 705,3M1SNT1T95WFF6EKY
726 725 344,BYFBX02C1HL5PGBZR
038 146 551,8BJEFA9V025NX9W3F
850 228 537,RVPLYS996176YMZWC
406 411 587,8LESB6XY6KG6FDYES
332 205 871,D9V0BSAG886HN4S5N
640 835 278,C96D6N227W3H6XG4R
344 503 586,Y0EHAUU25VKSMU199
